District_Name,Udise_Block_Name,School_Category_Name,School_Management_Name,School_Type,Total_Number_of_Schools,Building,Functional_Drinking_Water,Functional_Electricity,Functional_Boy_Toilet,Functional_Girl_Toilet,Library_or_Reading_Corner_or_Book_Bank,Playground,Computer_Available,Internet,Medical_Checkup,Complete_Medical_Checkup,Handwash,Separate_Room_for_Headmaster,Furniture,Kitchen_Garden,Water_Purifier,Rain_Water_Harvesting,Solar_Panel
BAGALKOT,BADAMI,HSS (XI-XII),Department of Education,Co-Ed,3,3,3,2,3,3,3,2,0,0,0,0,1,1,3,0,0,0,0
BAGALKOT,BADAMI,HSS (XI-XII),Private Unaided (Recognized),Co-Ed,2,2,2,2,2,2,2,1,0,0,0,0,1,2,2,0,0,0,0
BAGALKOT,BADAMI,HSS (XI-XII),Government Aided,Co-Ed,1,1,1,1,1,1,1,1,0,0,1,0,1,1,1,0,0,0,0
BAGALKOT,BADAMI,HSS (XI-XII),Private Unaided (Recognized),Co-Ed,4,4,4,4,4,4,3,4,3,1,2,0,4,4,4,0,0,0,0
BAGALKOT,BADAMI,PS (I-V),Government Aided,Girls,1,1,1,1,1,1,1,1,0,0,1,0,0,0,1,0,0,0,0
BAGALKOT,BADAMI,PS (I-V),Department of Education,Co-Ed,36,36,35,35,36,35,36,22,2,0,35,0,4,5,32,34,0,0,0
BAGALKOT,BADAMI,PS (I-V),Private Unaided (Recognized),Co-Ed,13,11,10,11,11,11,9,11,4,0,6,0,3,6,8,0,0,0,0
BAGALKOT,BADAMI,PS (I-V),Department of Education,Co-Ed,16,16,13,16,15,15,16,4,0,0,16,0,5,2,13,6,0,0,0
BAGALKOT,BADAMI,PS (I-V),Government Aided,Co-Ed,2,2,2,2,2,2,2,1,2,0,2,0,0,2,2,1,0,0,0
BAGALKOT,BADAMI,PS (I-V),Private Unaided (Recognized),Co-Ed,15,13,13,12,13,13,11,10,7,0,10,0,9,8,10,0,0,0,0
BAGALKOT,BADAMI,SS (I-X),Private Unaided (Recognized),Co-Ed,1,1,1,1,1,1,1,1,0,0,1,0,1,1,1,0,0,0,0
BAGALKOT,BADAMI,SS (I-X),Private Unaided (Recognized),Co-Ed,1,1,1,1,1,1,1,1,1,0,1,0,1,1,1,0,0,0,0
BAGALKOT,BADAMI,SS (VI-X),Department of Education,Girls,1,1,1,1,1,1,1,1,1,1,1,0,0,0,1,0,0,0,0
BAGALKOT,BADAMI,SS (VI-X),Tribal Welfare Department,Girls,1,1,1,1,1,1,0,1,0,1,1,0,1,1,1,0,0,0,0
BAGALKOT,BADAMI,SS (VI-X),Government Aided,Girls,2,2,2,2,2,2,2,2,1,1,2,0,1,1,2,2,0,0,0
BAGALKOT,BADAMI,SS (VI-X),Department of Education,Co-Ed,17,16,17,17,16,17,17,17,9,0,17,0,4,9,15,16,0,0,0
BAGALKOT,BADAMI,SS (VI-X),Tribal Welfare Department,Co-Ed,1,1,1,1,1,1,1,0,1,0,1,0,1,1,1,0,0,0,0
BAGALKOT,BADAMI,SS (VI-X),Government Aided,Co-Ed,19,17,19,19,19,18,19,19,15,3,18,0,7,14,18,16,0,2,0
BAGALKOT,BADAMI,SS (VI-X),Private Unaided (Recognized),Co-Ed,1,1,1,1,1,1,0,1,1,0,0,0,1,1,1,0,0,0,0
BAGALKOT,BADAMI,SS (VI-X),Central Govt,Co-Ed,1,1,1,1,1,1,1,1,1,1,1,0,0,1,1,0,0,0,0
BAGALKOT,BADAMI,SS (VI-X),Department of Education,Co-Ed,3,3,3,3,3,3,3,2,3,0,3,0,0,1,2,1,0,0,0
BAGALKOT,BADAMI,SS (VI-X),Government Aided,Co-Ed,8,8,8,8,8,8,8,8,7,2,8,0,4,7,8,8,0,0,0
BAGALKOT,BADAMI,SS (VI-X),Private Unaided (Recognized),Co-Ed,7,7,7,7,7,7,7,7,7,2,7,0,5,7,7,0,0,0,0
BAGALKOT,BADAMI,UPS (I-VIII),Department of Education,Boys,8,8,8,8,8,6,8,6,5,0,8,0,2,3,1,7,0,0,0
BAGALKOT,BADAMI,UPS (I-VIII),Department of Education,Boys,1,1,1,1,1,0,1,1,1,0,1,0,1,0,0,1,0,0,0
BAGALKOT,BADAMI,UPS (I-VIII),Department of Education,Girls,8,7,8,7,3,7,8,5,5,0,8,0,4,1,2,5,0,0,0
BAGALKOT,BADAMI,UPS (I-VIII),Department of Education,Girls,1,1,1,1,0,1,1,1,1,0,1,0,1,0,0,1,0,0,0
BAGALKOT,BADAMI,UPS (I-VIII),Department of Education,Co-Ed,142,142,141,141,137,139,142,103,51,0,138,0,48,26,48,114,0,1,0
BAGALKOT,BADAMI,UPS (I-VIII),Government Aided,Co-Ed,10,10,10,10,10,10,10,9,3,0,10,0,3,8,7,7,0,0,0
BAGALKOT,BADAMI,UPS (I-VIII),Private Unaided (Recognized),Co-Ed,5,5,5,4,5,5,5,4,2,0,5,0,2,3,4,0,0,0,0
BAGALKOT,BADAMI,UPS (I-VIII),Department of Education,Co-Ed,22,22,22,22,21,21,22,8,10,0,20,0,8,7,16,7,0,0,0
BAGALKOT,BADAMI,UPS (I-VIII),Government Aided,Co-Ed,11,11,11,11,11,11,11,11,7,0,11,0,7,11,6,9,0,0,0
BAGALKOT,BADAMI,UPS (I-VIII),Private Unaided (Recognized),Co-Ed,7,7,7,7,7,7,7,7,5,0,7,0,5,6,7,0,0,0,0
BAGALKOT,BADAMI,UPS (VI-VIII),Department of Education,Girls,1,1,1,1,0,1,1,1,1,0,1,0,1,1,1,0,0,0,0
BAGALKOT,BADAMI,UPS (VI-VIII),Department of Education,Co-Ed,1,1,1,1,1,1,1,1,1,0,1,0,1,1,1,0,0,0,0
BAGALKOT,BADAMI,UPS (VI-VIII),Private Unaided (Recognized),Co-Ed,3,3,3,3,3,3,3,2,3,0,2,0,3,3,3,0,0,0,0
BAGALKOT,BAGALKOT,HSS (VI-XII),Department of Education,Co-Ed,1,1,1,1,1,1,1,1,0,0,1,0,0,1,1,1,0,0,0
BAGALKOT,BAGALKOT,HSS (VI-XII),Government Aided,Co-Ed,1,1,1,1,1,1,1,1,1,0,1,0,1,1,1,1,0,1,0
BAGALKOT,BAGALKOT,HSS (XI-XII),Department of Education,Co-Ed,3,3,3,3,3,3,3,2,1,0,1,0,1,2,3,0,0,0,0
BAGALKOT,BAGALKOT,HSS (XI-XII),Government Aided,Co-Ed,1,1,1,1,1,1,1,1,0,1,0,0,1,1,1,0,0,0,0
BAGALKOT,BAGALKOT,HSS (XI-XII),Private Unaided (Recognized),Co-Ed,2,2,2,2,2,2,2,1,1,0,0,0,1,2,2,0,0,0,0
BAGALKOT,BAGALKOT,HSS (XI-XII),Government Aided,Co-Ed,6,6,6,6,6,6,6,6,1,1,4,0,3,5,6,0,0,0,0
BAGALKOT,BAGALKOT,HSS (XI-XII),Private Unaided (Recognized),Co-Ed,5,5,5,5,4,5,5,3,4,2,2,0,4,5,3,0,0,0,0
BAGALKOT,BAGALKOT,PS (I-V),Department of Education,Co-Ed,55,55,53,53,54,54,55,35,1,0,53,0,28,21,33,43,0,0,0
BAGALKOT,BAGALKOT,PS (I-V),Private Unaided (Recognized),Co-Ed,17,15,15,15,15,15,12,13,10,0,7,0,12,14,13,0,0,0,0
BAGALKOT,BAGALKOT,PS (I-V),Department of Education,Co-Ed,8,7,7,8,6,7,8,4,0,0,8,0,6,2,4,3,0,0,0
BAGALKOT,BAGALKOT,PS (I-V),Tribal Welfare Department,Co-Ed,1,1,1,1,1,1,1,1,0,0,1,0,1,0,0,0,0,0,0
BAGALKOT,BAGALKOT,PS (I-V),Government Aided,Co-Ed,1,1,1,1,1,1,1,1,0,0,0,0,0,1,1,0,0,0,0
BAGALKOT,BAGALKOT,PS (I-V),Private Unaided (Recognized),Co-Ed,11,9,8,9,9,9,8,7,5,0,5,0,7,9,9,0,0,0,0
BAGALKOT,BAGALKOT,SS (I-X),Department of Education,Co-Ed,1,1,1,1,1,1,1,1,0,0,1,0,0,1,1,1,0,0,0
BAGALKOT,BAGALKOT,SS (I-X),Private Unaided (Recognized),Co-Ed,2,1,2,2,2,2,2,2,2,1,2,0,2,2,2,1,0,0,0
BAGALKOT,BAGALKOT,SS (I-X),Department of Education,Co-Ed,1,1,1,1,1,1,1,1,1,0,1,0,1,1,1,1,0,0,0
BAGALKOT,BAGALKOT,SS (I-X),Government Aided,Co-Ed,1,1,1,1,1,1,1,1,1,0,1,0,1,1,1,1,0,0,0
BAGALKOT,BAGALKOT,SS (I-X),Private Unaided (Recognized),Co-Ed,2,2,2,2,2,2,2,2,2,1,2,0,2,2,2,0,0,0,0
BAGALKOT,BAGALKOT,SS (I-X),Central Govt,Co-Ed,1,1,1,1,1,1,1,1,1,1,1,0,1,1,1,0,0,0,0
BAGALKOT,BAGALKOT,SS (IX-X),Private Unaided (Recognized),Co-Ed,1,1,1,1,1,1,1,0,0,0,0,0,0,1,1,0,0,0,0
BAGALKOT,BAGALKOT,SS (IX-X),Private Unaided (Recognized),Co-Ed,2,2,2,2,2,2,1,0,0,0,0,0,1,2,1,0,0,0,0
BAGALKOT,BAGALKOT,SS (VI-X),Department of Education,Girls,1,1,1,1,1,1,1,1,1,1,1,0,1,1,1,1,0,0,0
BAGALKOT,BAGALKOT,SS (VI-X),Tribal Welfare Department,Girls,1,1,1,1,1,1,1,1,1,0,1,0,0,1,1,1,0,0,0
BAGALKOT,BAGALKOT,SS (VI-X),Government Aided,Girls,1,1,1,1,1,1,1,1,0,0,1,0,1,1,1,0,0,0,0
BAGALKOT,BAGALKOT,SS (VI-X),Department of Education,Co-Ed,12,12,11,12,12,12,12,11,6,1,12,0,6,4,9,9,0,0,0
BAGALKOT,BAGALKOT,SS (VI-X),Tribal Welfare Department,Co-Ed,3,3,3,3,3,3,2,2,3,1,3,0,2,2,3,1,0,0,0
BAGALKOT,BAGALKOT,SS (VI-X),Government Aided,Co-Ed,15,15,15,15,15,15,15,15,10,0,14,0,4,13,12,10,0,1,0
BAGALKOT,BAGALKOT,SS (VI-X),Private Unaided (Recognized),Co-Ed,4,4,4,4,4,4,4,4,3,0,4,0,2,4,4,0,0,0,0
BAGALKOT,BAGALKOT,SS (VI-X),Department of Education,Co-Ed,3,2,3,3,3,3,3,2,2,1,3,0,2,3,3,2,0,0,0
BAGALKOT,BAGALKOT,SS (VI-X),Tribal Welfare Department,Co-Ed,1,1,1,1,1,1,1,1,1,1,1,0,1,1,1,0,0,0,0
BAGALKOT,BAGALKOT,SS (VI-X),Government Aided,Co-Ed,9,9,9,9,9,9,9,9,5,4,9,0,3,9,9,7,0,0,0
BAGALKOT,BAGALKOT,SS (VI-X),Private Unaided (Recognized),Co-Ed,9,9,9,9,7,7,9,9,9,4,8,0,7,9,8,0,0,0,0
BAGALKOT,BAGALKOT,SS (VI-X),Other Govt. managed schools,Co-Ed,1,0,1,1,1,1,1,0,1,1,0,0,0,1,1,0,0,0,0
BAGALKOT,BAGALKOT,UPS (I-VIII),Department of Education,Boys,5,5,5,5,4,3,5,5,3,0,5,0,3,3,4,5,0,0,0
BAGALKOT,BAGALKOT,UPS (I-VIII),Department of Education,Boys,1,1,1,1,1,1,1,0,0,0,1,0,1,1,0,0,0,0,0
BAGALKOT,BAGALKOT,UPS (I-VIII),Department of Education,Girls,6,5,5,3,2,5,5,4,3,0,5,0,4,3,4,4,0,0,0
BAGALKOT,BAGALKOT,UPS (I-VIII),Department of Education,Girls,1,1,1,1,1,1,1,1,0,0,1,0,0,0,0,0,0,0,0
BAGALKOT,BAGALKOT,UPS (I-VIII),Department of Education,Co-Ed,83,83,83,77,76,80,83,63,24,0,83,0,43,31,48,77,0,0,0
BAGALKOT,BAGALKOT,UPS (I-VIII),Government Aided,Co-Ed,2,2,2,1,2,2,2,2,0,0,2,0,1,1,2,1,0,0,0
BAGALKOT,BAGALKOT,UPS (I-VIII),Private Unaided (Recognized),Co-Ed,6,6,6,6,6,6,5,5,5,0,5,0,5,6,4,0,0,0,0
BAGALKOT,BAGALKOT,UPS (I-VIII),Department of Education,Co-Ed,26,26,26,24,25,25,25,20,4,0,26,0,17,18,16,15,0,0,0
BAGALKOT,BAGALKOT,UPS (I-VIII),Government Aided,Co-Ed,6,6,6,6,6,6,5,6,4,0,5,0,4,6,5,3,0,0,0
BAGALKOT,BAGALKOT,UPS (I-VIII),Private Unaided (Recognized),Co-Ed,10,10,10,10,10,10,10,10,9,0,10,0,9,8,10,0,0,0,0
BAGALKOT,BAGALKOT,UPS (VI-VIII),Department of Education,Girls,1,1,1,1,0,1,1,1,1,0,1,0,1,1,1,1,0,0,0
BAGALKOT,BAGALKOT,UPS (VI-VIII),Private Unaided (Recognized),Co-Ed,2,1,1,1,1,1,1,0,1,1,0,0,1,1,1,0,0,0,0
BAGALKOT,BAGALKOT,UPS (VI-VIII),Tribal Welfare Department,Co-Ed,1,0,0,0,0,0,0,0,0,0,0,0,0,0,0,0,0,0,0
BAGALKOT,BAGALKOT,UPS (VI-VIII),Private Unaided (Recognized),Co-Ed,3,2,2,2,2,2,2,2,1,1,2,0,2,2,2,0,0,0,0
BAGALKOT,BILAGI,HSS (XI-XII),Department of Education,Boys,1,1,1,1,1,1,1,0,0,0,0,0,1,1,0,0,0,0,0
BAGALKOT,BILAGI,HSS (XI-XII),Department of Education,Girls,1,1,1,1,1,1,1,0,0,0,0,0,0,0,1,0,0,0,0
BAGALKOT,BILAGI,HSS (XI-XII),Department of Education,Co-Ed,3,3,3,2,3,3,1,2,0,0,0,0,1,0,3,1,0,0,0
BAGALKOT,BILAGI,HSS (XI-XII),Government Aided,Co-Ed,1,1,1,1,1,1,1,1,1,1,1,0,1,0,1,0,0,0,0
BAGALKOT,BILAGI,HSS (XI-XII),Private Unaided (Recognized),Co-Ed,3,3,3,3,3,3,3,3,2,2,0,0,2,3,3,0,0,0,0
BAGALKOT,BILAGI,HSS (XI-XII),Government Aided,Co-Ed,1,1,1,1,1,1,1,1,1,1,0,0,1,1,1,0,0,0,0
BAGALKOT,BILAGI,HSS (XI-XII),Private Unaided (Recognized),Co-Ed,2,2,2,2,2,2,1,2,1,2,0,0,1,0,1,0,0,0,0
BAGALKOT,BILAGI,PS (I-V),Department of Education,Co-Ed,60,60,59,58,59,60,59,43,7,0,59,0,38,25,44,51,0,0,0
BAGALKOT,BILAGI,PS (I-V),Tribal Welfare Department,Co-Ed,1,1,1,1,1,1,1,1,0,0,1,0,1,1,1,0,0,0,0
BAGALKOT,BILAGI,PS (I-V),Government Aided,Co-Ed,1,1,1,1,1,1,1,1,0,0,1,0,1,1,0,1,0,0,0
BAGALKOT,BILAGI,PS (I-V),Private Unaided (Recognized),Co-Ed,17,14,14,11,14,14,12,11,6,0,11,0,12,12,8,0,0,0,0
BAGALKOT,BILAGI,PS (I-V),Department of Education,Co-Ed,3,3,3,3,3,3,3,1,2,0,3,0,3,3,1,1,0,0,0
BAGALKOT,BILAGI,PS (I-V),Private Unaided (Recognized),Co-Ed,5,4,4,4,4,4,4,4,2,0,2,0,1,4,4,0,0,0,0
BAGALKOT,BILAGI,SS (I-X),Private Unaided (Recognized),Co-Ed,1,1,1,1,1,1,1,1,1,1,1,0,0,1,1,0,0,0,0
BAGALKOT,BILAGI,SS (I-X),Government Aided,Co-Ed,1,1,1,1,1,1,1,1,1,0,1,0,1,1,1,1,0,0,0
BAGALKOT,BILAGI,SS (VI-X),Department of Education,Girls,1,1,1,1,1,1,1,1,1,0,1,0,1,0,0,1,0,0,0
BAGALKOT,BILAGI,SS (VI-X),Tribal Welfare Department,Girls,1,1,1,1,0,1,1,1,1,0,1,0,0,1,1,0,0,0,0
BAGALKOT,BILAGI,SS (VI-X),Department of Education,Co-Ed,19,19,19,19,19,19,19,19,16,2,18,0,12,16,18,16,0,1,0
BAGALKOT,BILAGI,SS (VI-X),Government Aided,Co-Ed,5,4,5,5,5,5,5,5,4,0,5,0,3,5,5,5,0,0,0
BAGALKOT,BILAGI,SS (VI-X),Private Unaided (Recognized),Co-Ed,2,2,2,2,2,2,2,2,2,0,2,0,1,1,2,0,0,0,0
BAGALKOT,BILAGI,SS (VI-X),Department of Education,Co-Ed,2,2,2,2,2,2,2,2,1,0,2,0,1,1,2,2,0,0,0
BAGALKOT,BILAGI,SS (VI-X),Tribal Welfare Department,Co-Ed,1,1,1,1,1,1,1,1,1,1,1,0,1,1,1,1,0,0,0
BAGALKOT,BILAGI,SS (VI-X),Government Aided,Co-Ed,1,1,1,1,1,1,1,1,1,0,1,0,1,1,1,1,0,0,0
BAGALKOT,BILAGI,SS (VI-X),Private Unaided (Recognized),Co-Ed,4,4,4,4,4,4,3,4,4,3,2,0,2,4,2,0,0,0,0
BAGALKOT,BILAGI,UPS (I-VIII),Department of Education,Boys,8,8,8,8,8,7,8,8,7,0,8,0,6,6,7,8,0,0,0
BAGALKOT,BILAGI,UPS (I-VIII),Department of Education,Girls,8,8,8,8,7,8,8,7,6,0,8,0,4,4,6,6,0,0,0
BAGALKOT,BILAGI,UPS (I-VIII),Department of Education,Co-Ed,48,48,48,45,48,48,48,42,25,0,48,0,32,19,38,48,0,0,0
BAGALKOT,BILAGI,UPS (I-VIII),Government Aided,Co-Ed,1,1,1,1,1,1,1,1,1,0,1,0,1,1,1,1,0,0,0
BAGALKOT,BILAGI,UPS (I-VIII),Private Unaided (Recognized),Co-Ed,8,8,8,8,8,8,8,8,8,0,8,0,7,7,7,0,0,0,0
BAGALKOT,BILAGI,UPS (I-VIII),Department of Education,Co-Ed,3,3,3,3,3,3,3,2,1,0,3,0,2,3,2,2,0,0,0
BAGALKOT,BILAGI,UPS (I-VIII),Government Aided,Co-Ed,2,2,2,2,2,2,2,2,2,0,2,0,2,2,2,2,0,0,0
BAGALKOT,BILAGI,UPS (I-VIII),Private Unaided (Recognized),Co-Ed,7,6,6,6,6,6,6,6,6,0,5,0,3,6,6,0,0,0,0
BAGALKOT,BILAGI,UPS (VI-VIII),Department of Education,Girls,1,1,1,1,0,1,1,1,1,0,1,0,1,1,0,1,0,0,0
BAGALKOT,BILAGI,UPS (VI-VIII),Private Unaided (Recognized),Co-Ed,1,0,0,0,0,0,0,0,0,0,0,0,0,0,0,0,0,0,0
BAGALKOT,BILAGI,UPS (VI-VIII),Department of Education,Co-Ed,1,1,1,1,1,1,1,1,0,0,1,0,0,1,1,0,0,0,0
BAGALKOT,BILAGI,UPS (VI-VIII),Private Unaided (Recognized),Co-Ed,3,3,1,1,3,3,2,1,1,0,1,0,1,0,3,0,0,0,0
BAGALKOT,HUNAGUND,HSS (XI-XII),Private Unaided (Recognized),Girls,1,1,1,1,1,1,1,1,0,1,0,0,1,1,1,0,0,1,0
BAGALKOT,HUNAGUND,HSS (XI-XII),Department of Education,Co-Ed,1,1,1,1,1,1,1,1,1,0,1,0,0,0,1,0,0,0,0
BAGALKOT,HUNAGUND,HSS (XI-XII),Government Aided,Co-Ed,2,2,2,2,2,2,2,2,0,1,0,0,2,2,2,0,0,0,0
BAGALKOT,HUNAGUND,HSS (XI-XII),Private Unaided (Recognized),Co-Ed,2,1,1,1,1,1,1,1,1,1,0,0,1,1,1,0,0,0,0
BAGALKOT,HUNAGUND,HSS (XI-XII),Government Aided,Co-Ed,1,1,1,1,1,1,1,1,1,0,0,0,0,1,1,0,0,0,0
BAGALKOT,HUNAGUND,HSS (XI-XII),Private Unaided (Recognized),Co-Ed,4,3,3,3,3,3,3,2,2,3,3,0,3,1,3,0,0,1,0
BAGALKOT,HUNAGUND,PS (I-V),Department of Education,Girls,1,1,1,1,1,1,1,0,0,0,1,0,0,0,1,1,0,0,0
BAGALKOT,HUNAGUND,PS (I-V),Department of Education,Co-Ed,60,60,59,59,59,59,60,28,0,0,58,0,18,8,45,55,0,0,0
BAGALKOT,HUNAGUND,PS (I-V),Government Aided,Co-Ed,2,2,2,1,2,2,2,1,0,0,2,0,0,1,1,2,0,0,0
BAGALKOT,HUNAGUND,PS (I-V),Private Unaided (Recognized),Co-Ed,23,16,14,16,16,16,15,13,8,0,8,0,10,8,15,0,0,0,0
BAGALKOT,HUNAGUND,PS (I-V),Department of Education,Co-Ed,8,7,8,6,8,8,8,4,0,0,6,0,1,3,6,8,0,0,0
BAGALKOT,HUNAGUND,PS (I-V),Private Unaided (Recognized),Co-Ed,11,7,7,7,7,7,7,6,5,0,3,0,5,6,6,0,0,0,0
BAGALKOT,HUNAGUND,SS (I-X),Private Unaided (Recognized),Co-Ed,3,2,2,2,2,2,2,2,2,2,1,0,2,1,2,0,0,1,0
BAGALKOT,HUNAGUND,SS (IX-X),Private Unaided (Recognized),Co-Ed,3,3,3,3,3,3,3,2,3,3,0,0,3,3,3,0,0,1,0
BAGALKOT,HUNAGUND,SS (VI-X),Tribal Welfare Department,Girls,1,1,1,1,1,1,1,1,0,0,1,0,0,1,0,0,0,0,0
BAGALKOT,HUNAGUND,SS (VI-X),Private Unaided (Recognized),Girls,1,1,1,1,1,1,1,1,1,1,0,0,1,1,1,0,0,0,0
BAGALKOT,HUNAGUND,SS (VI-X),Department of Education,Girls,1,1,1,1,1,1,1,1,1,1,1,0,1,0,1,0,0,0,0
BAGALKOT,HUNAGUND,SS (VI-X),Government Aided,Girls,2,2,2,2,2,2,2,2,2,2,1,0,1,2,2,0,0,0,0
BAGALKOT,HUNAGUND,SS (VI-X),Department of Education,Co-Ed,23,21,23,23,23,23,23,18,16,2,23,0,5,16,20,15,0,2,0
BAGALKOT,HUNAGUND,SS (VI-X),Tribal Welfare Department,Co-Ed,1,1,1,1,1,1,1,1,1,0,1,0,1,1,0,1,0,0,0
BAGALKOT,HUNAGUND,SS (VI-X),Government Aided,Co-Ed,16,16,16,16,16,16,16,16,10,1,16,0,3,16,16,15,0,0,0
BAGALKOT,HUNAGUND,SS (VI-X),Private Unaided (Recognized),Co-Ed,4,4,4,4,4,4,4,4,3,0,3,0,0,4,4,0,0,0,0
BAGALKOT,HUNAGUND,SS (VI-X),Department of Education,Co-Ed,3,2,3,3,3,3,3,3,3,1,3,0,0,2,3,2,0,0,0
BAGALKOT,HUNAGUND,SS (VI-X),Government Aided,Co-Ed,7,7,7,7,7,7,7,7,6,2,6,0,4,6,7,5,0,1,0
BAGALKOT,HUNAGUND,SS (VI-X),Private Unaided (Recognized),Co-Ed,10,10,10,10,10,10,10,10,10,6,10,0,3,10,10,0,0,1,0
BAGALKOT,HUNAGUND,UPS (I-VIII),Department of Education,Boys,8,8,8,8,8,8,8,6,4,0,8,0,2,4,3,8,0,0,0
BAGALKOT,HUNAGUND,UPS (I-VIII),Department of Education,Boys,1,1,1,1,1,1,1,0,0,0,1,0,1,0,1,1,0,0,0
BAGALKOT,HUNAGUND,UPS (I-VIII),Department of Education,Girls,10,10,10,10,10,10,10,6,6,0,9,0,5,2,2,10,0,0,0
BAGALKOT,HUNAGUND,UPS (I-VIII),Department of Education,Girls,1,1,1,1,1,1,1,1,0,0,1,0,0,0,0,1,0,0,0
BAGALKOT,HUNAGUND,UPS (I-VIII),Department of Education,Co-Ed,124,124,124,123,124,124,124,89,18,0,124,0,34,32,32,115,0,0,0
BAGALKOT,HUNAGUND,UPS (I-VIII),Government Aided,Co-Ed,11,11,11,8,11,11,11,11,4,0,11,0,3,9,8,9,0,0,0
BAGALKOT,HUNAGUND,UPS (I-VIII),Private Unaided (Recognized),Co-Ed,15,14,14,14,14,14,14,14,11,1,11,0,2,12,14,0,0,0,0
BAGALKOT,HUNAGUND,UPS (I-VIII),Department of Education,Co-Ed,20,20,20,20,20,20,20,12,4,0,19,0,3,9,4,18,0,0,0
BAGALKOT,HUNAGUND,UPS (I-VIII),Government Aided,Co-Ed,8,8,8,8,8,8,8,8,8,0,8,0,3,8,8,1,0,0,0
BAGALKOT,HUNAGUND,UPS (I-VIII),Private Unaided (Recognized),Co-Ed,16,16,16,16,16,16,15,14,14,0,15,0,9,15,15,0,0,0,0
BAGALKOT,HUNAGUND,UPS (VI-VIII),Department of Education,Girls,1,1,1,1,0,1,1,1,1,0,1,0,1,1,1,0,0,0,0
BAGALKOT,HUNAGUND,UPS (VI-VIII),Private Unaided (Recognized),Co-Ed,1,1,1,1,1,1,1,1,0,0,0,0,1,1,1,0,0,0,0
BAGALKOT,HUNAGUND,UPS (VI-VIII),Department of Education,Co-Ed,1,1,1,1,1,1,1,1,0,0,0,0,0,0,0,0,0,0,0
BAGALKOT,HUNAGUND,UPS (VI-VIII),Private Unaided (Recognized),Co-Ed,1,1,1,1,1,1,1,1,1,0,0,0,1,1,1,0,0,0,0
BAGALKOT,JAMAKHANDI,HSS (XI-XII),Department of Education,Co-Ed,3,3,3,2,2,2,3,0,0,0,2,0,0,1,3,1,0,1,0
BAGALKOT,JAMAKHANDI,HSS (XI-XII),Private Unaided (Recognized),Co-Ed,3,2,1,2,2,2,2,1,1,2,2,0,2,2,2,0,0,0,0
BAGALKOT,JAMAKHANDI,HSS (XI-XII),Government Aided,Co-Ed,1,1,1,1,1,1,1,1,0,1,0,0,1,0,1,0,0,1,0
BAGALKOT,JAMAKHANDI,HSS (XI-XII),Private Unaided (Recognized),Co-Ed,9,4,4,4,4,4,3,1,1,2,3,0,3,3,4,0,0,2,0
BAGALKOT,JAMAKHANDI,PS (I-V),Department of Education,Girls,1,1,1,1,0,1,1,0,0,0,1,0,0,0,1,1,0,0,0
BAGALKOT,JAMAKHANDI,PS (I-V),Department of Education,Co-Ed,100,100,98,94,83,97,100,60,0,0,100,0,23,29,72,82,0,0,0
BAGALKOT,JAMAKHANDI,PS (I-V),Private Unaided (Recognized),Co-Ed,61,42,40,38,42,42,35,35,22,0,32,0,20,31,30,0,0,0,0
BAGALKOT,JAMAKHANDI,PS (I-V),Department of Education,Co-Ed,21,21,19,20,21,20,21,8,0,0,21,0,4,2,16,17,0,0,0
BAGALKOT,JAMAKHANDI,PS (I-V),Government Aided,Co-Ed,3,3,3,3,3,3,2,2,1,0,3,0,2,2,2,3,0,0,0
BAGALKOT,JAMAKHANDI,PS (I-V),Private Unaided (Recognized),Co-Ed,38,29,28,28,29,29,27,24,17,0,23,0,14,22,22,0,0,0,0
BAGALKOT,JAMAKHANDI,SS (I-X),Private Unaided (Recognized),Co-Ed,4,4,4,4,4,4,4,4,4,3,4,0,3,4,4,0,0,1,0
BAGALKOT,JAMAKHANDI,SS (IX-X),Department of Education,Co-Ed,4,4,4,4,3,3,4,3,2,0,4,0,1,3,4,2,0,0,0
BAGALKOT,JAMAKHANDI,SS (IX-X),Private Unaided (Recognized),Co-Ed,6,4,3,3,4,4,3,1,1,0,1,0,4,4,4,0,0,0,0
BAGALKOT,JAMAKHANDI,SS (IX-X),Department of Education,Co-Ed,1,1,1,1,1,1,1,0,0,0,1,0,1,0,1,1,0,0,0
BAGALKOT,JAMAKHANDI,SS (IX-X),Private Unaided (Recognized),Co-Ed,2,2,2,2,2,2,2,2,2,0,2,0,2,2,2,0,0,0,0
BAGALKOT,JAMAKHANDI,SS (VI-X),Government Aided,Boys,1,1,1,1,1,1,1,1,1,0,1,0,0,1,1,0,0,0,0
BAGALKOT,JAMAKHANDI,SS (VI-X),Department of Education,Girls,1,1,1,1,1,1,1,1,1,0,1,0,0,1,1,0,0,0,0
BAGALKOT,JAMAKHANDI,SS (VI-X),Government Aided,Girls,2,2,2,2,1,2,2,1,2,0,2,0,1,2,2,2,0,0,0
BAGALKOT,JAMAKHANDI,SS (VI-X),Department of Education,Co-Ed,20,20,19,20,18,19,20,16,13,2,20,0,2,12,19,14,0,2,0
BAGALKOT,JAMAKHANDI,SS (VI-X),Tribal Welfare Department,Co-Ed,1,1,1,1,1,1,1,1,1,1,1,0,1,1,1,1,0,0,0
BAGALKOT,JAMAKHANDI,SS (VI-X),Government Aided,Co-Ed,11,11,11,11,11,11,11,11,11,2,11,0,0,9,10,9,0,1,0
BAGALKOT,JAMAKHANDI,SS (VI-X),Private Unaided (Recognized),Co-Ed,6,5,5,5,5,5,5,5,5,3,5,0,1,5,5,0,0,1,0
BAGALKOT,JAMAKHANDI,SS (VI-X),Department of Education,Co-Ed,5,5,5,5,5,5,5,5,4,1,4,0,3,4,5,3,0,1,0
BAGALKOT,JAMAKHANDI,SS (VI-X),Government Aided,Co-Ed,8,8,8,8,8,8,8,8,6,2,8,0,2,8,8,7,0,2,0
BAGALKOT,JAMAKHANDI,SS (VI-X),Private Unaided (Recognized),Co-Ed,14,14,14,14,14,14,14,14,12,7,13,0,8,9,14,0,0,2,0
BAGALKOT,JAMAKHANDI,UPS (I-VIII),Department of Education,Boys,3,3,3,3,3,2,3,3,2,0,3,0,1,1,2,3,0,0,0
BAGALKOT,JAMAKHANDI,UPS (I-VIII),Department of Education,Boys,5,5,5,5,5,2,5,3,3,0,5,0,1,2,4,4,0,0,0
BAGALKOT,JAMAKHANDI,UPS (I-VIII),Department of Education,Girls,6,6,6,6,2,6,6,2,2,0,6,0,3,3,3,4,0,0,0
BAGALKOT,JAMAKHANDI,UPS (I-VIII),Department of Education,Girls,4,4,4,4,1,4,4,3,1,0,4,0,1,3,4,2,0,0,0
BAGALKOT,JAMAKHANDI,UPS (I-VIII),Department of Education,Co-Ed,98,98,98,93,94,96,98,74,24,0,96,0,33,38,58,88,0,0,0
BAGALKOT,JAMAKHANDI,UPS (I-VIII),Government Aided,Co-Ed,14,14,14,13,14,14,14,14,11,0,13,0,8,13,13,5,0,0,0
BAGALKOT,JAMAKHANDI,UPS (I-VIII),Private Unaided (Recognized),Co-Ed,27,26,26,26,26,26,26,23,16,2,24,0,14,22,18,1,0,2,0
BAGALKOT,JAMAKHANDI,UPS (I-VIII),Department of Education,Co-Ed,39,39,39,39,37,39,39,29,8,0,39,0,14,15,33,32,0,0,0
BAGALKOT,JAMAKHANDI,UPS (I-VIII),Government Aided,Co-Ed,12,12,12,12,12,12,12,12,6,0,12,0,5,10,12,9,0,0,0
BAGALKOT,JAMAKHANDI,UPS (I-VIII),Private Unaided (Recognized),Co-Ed,27,27,26,26,27,27,27,23,19,0,20,0,15,23,21,1,0,0,0
BAGALKOT,JAMAKHANDI,UPS (VI-VIII),Department of Education,Girls,1,1,1,1,0,1,1,1,1,0,1,0,1,0,1,1,0,0,0
BAGALKOT,JAMAKHANDI,UPS (VI-VIII),Private Unaided (Recognized),Co-Ed,4,3,2,3,3,3,2,1,2,1,2,0,1,2,3,0,0,0,0
BAGALKOT,JAMAKHANDI,UPS (VI-VIII),Department of Education,Co-Ed,1,1,1,1,1,1,1,1,0,0,1,0,0,1,1,0,0,0,0
BAGALKOT,JAMAKHANDI,UPS (VI-VIII),Private Unaided (Recognized),Co-Ed,12,9,8,9,9,9,9,8,7,1,7,0,7,7,8,0,0,0,0
BAGALKOT,MUDHOL,HSS (XI-XII),Private Unaided (Recognized),Girls,1,1,1,1,0,1,1,0,1,0,1,0,1,0,1,0,0,0,0
BAGALKOT,MUDHOL,HSS (XI-XII),Government Aided,Co-Ed,1,1,1,1,1,1,1,1,1,1,1,0,1,1,1,1,0,0,0
BAGALKOT,MUDHOL,HSS (XI-XII),Private Unaided (Recognized),Co-Ed,3,2,2,2,2,2,2,2,2,2,2,0,2,2,2,0,0,1,0
BAGALKOT,MUDHOL,HSS (XI-XII),Department of Education,Co-Ed,1,1,1,1,1,1,1,1,1,0,1,0,1,1,1,0,0,0,0
BAGALKOT,MUDHOL,HSS (XI-XII),Private Unaided (Recognized),Co-Ed,5,3,3,3,2,2,3,2,3,1,2,0,3,3,3,0,0,0,0
BAGALKOT,MUDHOL,PS (I-V),Department of Education,Co-Ed,99,99,98,98,97,98,99,64,2,0,92,0,70,48,68,93,0,0,0
BAGALKOT,MUDHOL,PS (I-V),Private Unaided (Recognized),Co-Ed,28,23,22,23,23,23,23,19,11,0,17,0,20,20,17,0,0,0,0
BAGALKOT,MUDHOL,PS (I-V),Department of Education,Co-Ed,11,11,11,11,11,11,11,7,0,0,10,0,8,5,4,10,0,0,0
BAGALKOT,MUDHOL,PS (I-V),Tribal Welfare Department,Co-Ed,1,1,1,1,1,1,1,1,0,0,1,0,0,1,1,0,0,0,0
BAGALKOT,MUDHOL,PS (I-V),Private Unaided (Recognized),Co-Ed,8,6,4,5,6,6,3,4,2,1,5,0,6,6,4,0,0,1,0
BAGALKOT,MUDHOL,SS (I-X),Government Aided,Co-Ed,1,1,1,1,1,1,1,1,0,0,1,0,0,1,1,1,0,0,0
BAGALKOT,MUDHOL,SS (I-X),Private Unaided (Recognized),Co-Ed,7,7,7,7,7,7,7,7,5,4,4,0,6,7,6,0,0,0,0
BAGALKOT,MUDHOL,SS (I-X),Government Aided,Co-Ed,3,3,3,3,3,3,3,3,3,1,3,0,2,3,3,3,0,1,0
BAGALKOT,MUDHOL,SS (I-X),Private Unaided (Recognized),Co-Ed,6,6,6,6,6,6,6,5,6,4,5,0,5,6,6,0,0,2,0
BAGALKOT,MUDHOL,SS (IX-X),Department of Education,Co-Ed,1,1,1,1,1,1,1,1,1,0,1,0,0,0,1,1,0,0,0
BAGALKOT,MUDHOL,SS (IX-X),Private Unaided (Recognized),Co-Ed,2,2,2,2,2,2,2,1,1,0,1,0,2,2,2,0,0,0,0
BAGALKOT,MUDHOL,SS (VI-X),Tribal Welfare Department,Girls,1,1,1,1,1,1,1,1,1,0,1,0,1,1,1,1,0,0,0
BAGALKOT,MUDHOL,SS (VI-X),Private Unaided (Recognized),Girls,1,1,1,1,1,1,1,1,1,0,1,0,0,0,1,0,0,0,0
BAGALKOT,MUDHOL,SS (VI-X),Government Aided,Girls,1,1,1,1,0,1,1,1,1,0,1,0,1,1,1,0,0,0,0
BAGALKOT,MUDHOL,SS (VI-X),Department of Education,Co-Ed,15,15,14,15,15,15,15,14,9,0,15,0,8,7,10,14,0,1,0
BAGALKOT,MUDHOL,SS (VI-X),Tribal Welfare Department,Co-Ed,4,3,4,4,4,4,4,3,2,0,4,0,4,3,3,2,0,0,0
BAGALKOT,MUDHOL,SS (VI-X),Government Aided,Co-Ed,7,6,7,7,7,7,7,7,6,3,7,0,5,5,7,7,0,1,0
BAGALKOT,MUDHOL,SS (VI-X),Private Unaided (Recognized),Co-Ed,7,7,7,7,7,7,7,6,6,4,5,0,7,7,7,0,0,3,0
BAGALKOT,MUDHOL,SS (VI-X),Department of Education,Co-Ed,5,5,5,5,4,4,5,3,4,1,5,0,3,4,4,4,0,0,0
BAGALKOT,MUDHOL,SS (VI-X),Tribal Welfare Department,Co-Ed,1,1,1,1,1,1,1,1,1,0,1,0,1,1,1,0,0,0,0
BAGALKOT,MUDHOL,SS (VI-X),Government Aided,Co-Ed,4,4,4,4,4,4,4,4,4,0,4,0,3,2,4,3,0,0,0
BAGALKOT,MUDHOL,SS (VI-X),Private Unaided (Recognized),Co-Ed,7,7,7,7,6,6,7,6,5,3,7,0,6,7,7,0,0,0,0
BAGALKOT,MUDHOL,UPS (I-VIII),Department of Education,Boys,1,1,1,1,1,1,1,1,1,0,1,0,1,1,0,1,0,0,0
BAGALKOT,MUDHOL,UPS (I-VIII),Department of Education,Girls,2,2,2,2,1,2,2,1,2,0,2,0,1,1,1,2,0,0,0
BAGALKOT,MUDHOL,UPS (I-VIII),Department of Education,Co-Ed,89,89,89,89,89,89,89,75,31,0,87,0,54,32,26,88,0,0,0
BAGALKOT,MUDHOL,UPS (I-VIII),Government Aided,Co-Ed,10,10,10,10,10,10,10,10,5,0,10,0,7,8,6,8,0,0,0
BAGALKOT,MUDHOL,UPS (I-VIII),Private Unaided (Recognized),Co-Ed,10,9,9,8,9,9,9,8,7,1,8,0,6,8,8,0,0,1,0
BAGALKOT,MUDHOL,UPS (I-VIII),Department of Education,Co-Ed,27,27,26,27,26,26,27,16,9,0,27,0,17,14,15,26,0,0,0
BAGALKOT,MUDHOL,UPS (I-VIII),Government Aided,Co-Ed,8,8,7,8,8,8,8,8,6,0,8,0,8,8,5,7,0,0,0
BAGALKOT,MUDHOL,UPS (I-VIII),Private Unaided (Recognized),Co-Ed,12,12,12,12,11,11,12,12,8,1,11,0,8,12,12,0,0,0,0
BAGALKOT,MUDHOL,UPS (VI-VIII),Department of Education,Girls,1,1,1,1,1,1,1,1,1,0,1,0,1,1,0,1,0,0,0
BAGALKOT,MUDHOL,UPS (VI-VIII),Private Unaided (Recognized),Co-Ed,1,0,0,0,0,0,0,0,0,0,0,0,0,0,0,0,0,0,0
